Loss,MSE_NN1,MAE_NN1,R2_NN1,MSE_NN2,MAE_NN2,R2_NN2,MSE_NN3,MAE_NN3,R2_NN3
mean_absolute_error,0.18611927687118085,0.3183897400979407,0.5914707248120008,0.19143928292230195,0.3164030353758568,0.5797933840625815,0.1911594761829739,0.31881934490276387,0.5804075560405304
mean_squared_error,0.18890760817456792,0.3227177443065995,0.5853503756170855,0.18521716965731538,0.3154490171392935,0.5934508378471346,0.18999526699698205,0.324927338113809,0.582962979330992
mean_squared_logarithmic_error,0.19541402640686842,0.32096940041682614,0.5710688763054831,0.18680642834912853,0.3179002781916005,0.5899624366865068,0.19836654760709208,0.3285739177118541,0.5645881325255714
